,Date,Close,High,Low,Open,Volume,brand
0,2023-05-02,596.0,601.0,591.0,598.0,2070200.0,【1332.jp】ニッスイ
1,2023-05-02,2596.0,2608.0,2563.0,2587.0,422300.0,【1333.jp】マルハニチロ
2,2023-05-02,5750.0,5840.0,5740.0,5810.0,119000.0,【1414.jp】ショーボンドホールディングス
3,2023-05-02,1680.0,1696.0,1666.0,1694.0,269400.0,【1417.jp】ミライト・ワン
4,2023-05-02,1484.0,1484.0,1473.0,1473.0,4829100.0,【1605.jp】ＩＮＰＥＸ
5,2023-05-02,2588.0,2619.0,2574.0,2619.0,379400.0,【1721.jp】コムシスホールディングス
6,2023-05-02,4645.0,4675.0,4610.0,4675.0,486400.0,【1801.jp】大成建設
7,2023-05-02,1132.0,1136.0,1126.0,1135.0,2161300.0,【1802.jp】大林組
8,2023-05-02,816.0,825.0,812.0,825.0,1831800.0,【1803.jp】清水建設
9,2023-05-02,1644.0,1664.0,1637.0,1664.0,644300.0,【1808.jp】長谷工コーポレーション
10,2023-05-02,1794.0,1816.0,1791.0,1812.0,1419400.0,【1812.jp】鹿島建設
11,2023-05-02,3565.0,3575.0,3535.0,3575.0,176300.0,【1820.jp】西松建設
12,2023-05-02,798.0,808.0,788.0,808.0,646600.0,【1860.jp】戸田建設
13,2023-05-02,12750.0,13150.0,12690.0,13140.0,413300.0,【1878.jp】大東建託
14,2023-05-02,669.0,674.0,664.0,673.0,1229000.0,【1893.jp】五洋建設
15,2023-05-02,2917.0,2971.0,2902.0,2970.0,969800.0,【1911.jp】住友林業
16,2023-05-02,3440.0,3485.0,3424.0,3485.0,1230500.0,【1925.jp】大和ハウス工業
17,2023-05-02,2779.5,2828.0,2775.5,2822.0,1629700.0,【1928.jp】積水ハウス
18,2023-05-02,1838.0,1846.0,1825.0,1842.0,472000.0,【1944.jp】きんでん
19,2023-05-02,2509.0,2525.0,2492.0,2520.0,351000.0,【1951.jp】エクシオグループ
20,2023-05-02,3565.0,3575.0,3490.0,3575.0,204300.0,【1959.jp】九電工
21,2023-05-02,1699.0,1714.0,1690.0,1711.0,696700.0,【1963.jp】日揮ホールディングス
22,2023-05-02,1650.0,1677.0,1647.0,1677.0,598600.0,【2002.jp】日清製粉グループ本社
23,2023-05-02,1020.0,1058.0,1014.0,1058.0,6473600.0,【2127.jp】日本Ｍ＆Ａセンターホールディングス
24,2023-05-02,3035.0,3080.0,2997.0,3080.0,277600.0,【2175.jp】エス・エム・エス
25,2023-05-02,2772.0,2808.0,2747.0,2801.0,434400.0,【2181.jp】パーソルホールディングス
26,2023-05-02,4060.0,4110.0,4025.0,4110.0,211200.0,【2201.jp】森永製菓
27,2023-05-02,3525.0,3550.0,3495.0,3550.0,225700.0,【2206.jp】江崎グリコ
28,2023-05-02,1895.0,1945.0,1888.0,1930.0,1131500.0,【2212.jp】山崎製パン
29,2023-05-02,2997.0,3020.0,2969.0,3015.0,396000.0,【2229.jp】カルビー
30,2023-05-02,5170.0,5270.0,5120.0,5270.0,155600.0,【2264.jp】森永乳業
31,2023-05-02,10320.0,10410.0,10250.0,10400.0,366500.0,【2267.jp】ヤクルト本社
32,2023-05-02,3330.0,3350.0,3315.0,3350.0,650800.0,【2269.jp】明治ホールディングス
33,2023-05-02,3990.0,4005.0,3955.0,4005.0,356300.0,【2282.jp】日本ハム
34,2023-05-02,3835.0,3895.0,3815.0,3870.0,335500.0,【2331.jp】綜合警備保障
35,2023-05-02,1872.0,1890.0,1863.0,1874.0,694200.0,【2371.jp】カカクコム
36,2023-05-02,1844.0,1885.0,1836.0,1882.0,270000.0,【2412.jp】ベネフィット・ワン
37,2023-05-02,3089.0,3089.0,3015.0,3015.0,3422900.0,【2413.jp】エムスリー
38,2023-05-02,1397.0,1410.0,1389.0,1410.0,665100.0,【2427.jp】アウトソーシング
39,2023-05-02,1900.0,1910.0,1892.0,1909.0,238000.0,【2432.jp】ディー・エヌ・エー
40,2023-05-02,1594.0,1623.0,1592.0,1620.0,457600.0,【2433.jp】博報堂ＤＹホールディングス
41,2023-05-02,3820.0,3865.0,3800.0,3865.0,186000.0,【2501.jp】サッポロホールディングス
42,2023-05-02,5268.0,5319.0,5253.0,5315.0,980100.0,【2502.jp】アサヒグループホールディングス
43,2023-05-02,2198.5,2217.5,2189.0,2214.0,2450400.0,【2503.jp】キリンホールディングス
44,2023-05-02,1065.0,1077.0,1061.0,1077.0,377700.0,【2531.jp】宝ホールディングス
45,2023-05-02,1476.0,1485.0,1467.0,1484.0,495200.0,【2579.jp】コカ・コーラ　ボトラーズジャパンホールディングス
46,2023-05-02,5120.0,5180.0,5080.0,5180.0,340700.0,【2587.jp】サントリー食品インターナショナル
47,2023-05-02,4170.0,4235.0,4155.0,4235.0,363000.0,【2593.jp】伊藤園
48,2023-05-02,2096.0,2137.0,2092.0,2132.0,133200.0,【2607.jp】不二製油グループ本社
49,2023-05-02,6170.0,6310.0,6140.0,6300.0,306900.0,【2651.jp】ローソン
50,2023-05-02,7690.0,7740.0,7670.0,7710.0,196000.0,【2670.jp】エービーシー・マート
51,2023-05-02,2771.0,2893.0,2762.0,2893.0,6737300.0,【2768.jp】双日
52,2023-05-02,1998.0,2025.0,1981.0,2015.0,591400.0,【2784.jp】アルフレッサ　ホールディングス
53,2023-05-02,7990.0,8210.0,7960.0,8210.0,654600.0,【2801.jp】キッコーマン
54,2023-05-02,4908.0,4998.0,4885.0,4998.0,1921400.0,【2802.jp】味の素
55,2023-05-02,2280.0,2307.0,2274.0,2307.0,329700.0,【2809.jp】キユーピー
56,2023-05-02,2999.0,3035.0,2974.0,3035.0,238700.0,【2810.jp】ハウス食品グループ本社
57,2023-05-02,3480.0,3585.0,3470.0,3580.0,377300.0,【2811.jp】カゴメ
58,2023-05-02,5470.0,5600.0,5410.0,5560.0,66400.0,【2815.jp】アリアケジャパン
59,2023-05-02,2790.0,2830.0,2772.0,2830.0,348100.0,【2871.jp】ニチレイ
60,2023-05-02,6170.0,6250.0,6130.0,6230.0,381700.0,【2875.jp】東洋水産
61,2023-05-02,13070.0,13200.0,12980.0,13200.0,231200.0,【2897.jp】日清食品ホールディングス
62,2023-05-02,2934.0,2958.0,2930.0,2956.5,7267100.0,【2914.jp】日本たばこ産業
63,2023-05-02,1150.0,1171.0,1147.0,1170.0,1858900.0,【3003.jp】ヒューリック
64,2023-05-02,3790.0,3845.0,3760.0,3845.0,534600.0,【3038.jp】神戸物産
65,2023-05-02,2000.0,2019.0,1974.0,1988.0,1882100.0,【3064.jp】ＭｏｎｏｔａＲＯ
66,2023-05-02,1419.0,1452.0,1416.0,1451.0,2009400.0,【3086.jp】Ｊ．フロント　リテイリング
67,2023-05-02,7380.0,7480.0,7320.0,7470.0,509300.0,【3088.jp】マツキヨココカラ＆カンパニー
68,2023-05-02,2913.0,2915.0,2875.0,2880.0,896600.0,【3092.jp】ＺＯＺＯ
69,2023-05-02,1499.0,1529.0,1498.0,1528.0,2200200.0,【3099.jp】三越伊勢丹ホールディングス
70,2023-05-02,1041.0,1052.0,1038.0,1050.0,522200.0,【3101.jp】東洋紡
71,2023-05-02,1048.0,1054.0,1044.0,1054.0,311100.0,【3105.jp】日清紡ホールディングス
72,2023-05-02,2580.0,2602.0,2562.0,2588.0,195700.0,【3107.jp】ダイワボウホールディングス
73,2023-05-02,2111.0,2146.0,2090.0,2140.0,491000.0,【3116.jp】トヨタ紡織
74,2023-05-02,2862.0,2895.0,2852.0,2889.0,387900.0,【3141.jp】ウエルシアホールディングス
75,2023-05-02,1831.0,1844.0,1826.0,1844.0,1575300.0,【3197.jp】すかいらーくホールディングス
76,2023-05-02,3315.0,3355.0,3265.0,3355.0,865300.0,【3231.jp】野村不動産ホールディングス
77,2023-05-02,5480.0,5500.0,5430.0,5490.0,229600.0,【3288.jp】オープンハウスグループ
78,2023-05-02,667.0,682.0,665.0,682.0,2518300.0,【3289.jp】東急不動産ホールディングス
79,2023-05-02,2382.0,2408.0,2358.0,2406.0,442900.0,【3291.jp】飯田グループホールディングス
80,2023-05-02,13650.0,13830.0,13630.0,13770.0,356100.0,【3349.jp】コスモス薬品
81,2023-05-02,2422.0,2453.0,2409.0,2450.0,143500.0,【3360.jp】シップヘルスケアホールディングス
82,2023-05-02,6225.0,6307.0,6186.0,6300.0,1848200.0,【3382.jp】セブン＆アイ・ホールディングス
83,2023-05-02,8980.0,9080.0,8940.0,9050.0,521600.0,【3391.jp】ツルハホールディングス
84,2023-05-02,1512.0,1537.0,1511.0,1532.0,942900.0,【3401.jp】帝人
85,2023-05-02,768.8,771.0,762.4,769.0,4508100.0,【3402.jp】東レ
86,2023-05-02,1264.0,1268.0,1261.0,1267.0,1068500.0,【3405.jp】クラレ
87,2023-05-02,956.2,963.2,950.8,960.0,2728100.0,【3407.jp】旭化成
88,2023-05-02,1913.0,1920.0,1888.0,1893.0,3868500.0,【3436.jp】ＳＵＭＣＯ
89,2023-05-02,6600.0,6640.0,6560.0,6640.0,210500.0,【3549.jp】クスリのアオキホールディングス
90,2023-05-02,3260.0,3275.0,3225.0,3265.0,1013400.0,【3563.jp】ＦＯＯＤ　＆　ＬＩＦＥ　ＣＯＭＰＡＮＩＥＳ
91,2023-05-02,2625.0,2649.0,2613.0,2645.0,90100.0,【3591.jp】ワコールホールディングス
92,2023-05-02,3855.0,3855.0,3815.0,3825.0,660300.0,【3626.jp】ＴＩＳ
93,2023-05-02,2454.0,2474.0,2422.0,2466.0,694700.0,【3635.jp】コーエーテクモホールディングス
94,2023-05-02,3130.0,3145.0,3080.0,3115.0,1239500.0,【3659.jp】ネクソン
95,2023-05-02,24700.0,24740.0,24020.0,24080.0,178300.0,【3697.jp】ＳＨＩＦＴ
96,2023-05-02,2599.0,2610.0,2579.0,2587.0,150400.0,【3765.jp】ガンホー・オンライン・エンターテイメント
97,2023-05-02,10680.0,10740.0,10510.0,10640.0,244100.0,【3769.jp】ＧＭＯペイメントゲートウェイ
98,2023-05-02,2789.0,2800.0,2756.0,2780.0,273200.0,【3774.jp】インターネットイニシアティブ
99,2023-05-02,531.0,534.0,528.0,533.0,2145400.0,【3861.jp】王子ホールディングス
100,2023-05-02,1095.0,1115.0,1095.0,1115.0,265900.0,【3880.jp】大王製紙
101,2023-05-02,2083.0,2085.0,2034.0,2048.0,789200.0,【3923.jp】ラクス
102,2023-05-02,860.0,874.0,860.0,874.0,334900.0,【3941.jp】レンゴー
103,2023-05-02,5560.0,5570.0,5420.0,5450.0,364900.0,【3994.jp】マネーフォワード
104,2023-05-02,2164.0,2171.0,2150.0,2157.0,553700.0,【4004.jp】レゾナック・ホールディングス
105,2023-05-02,456.0,460.0,455.0,459.0,6588800.0,【4005.jp】住友化学
106,2023-05-02,6120.0,6140.0,6090.0,6140.0,270000.0,【4021.jp】日産化学
107,2023-05-02,1811.0,1830.0,1807.0,1827.0,970400.0,【4042.jp】東ソー
108,2023-05-02,2193.0,2212.0,2177.0,2210.0,504000.0,【4043.jp】トクヤマ
109,2023-05-02,1204.0,1221.0,1196.0,1215.0,136100.0,【4045.jp】東亞合成
110,2023-05-02,2723.0,2742.0,2715.0,2740.0,253200.0,【4061.jp】デンカ
111,2023-05-02,5930.0,6080.0,5710.0,5720.0,5861200.0,【4062.jp】イビデン
112,2023-05-02,3995.0,4012.0,3965.0,3999.0,5160300.0,【4063.jp】信越化学工業
113,2023-05-02,1726.0,1739.0,1721.0,1738.0,365300.0,【4088.jp】エア・ウォーター
114,2023-05-02,2476.0,2493.0,2469.0,2489.0,310500.0,【4091.jp】日本酸素ホールディングス
115,2023-05-02,5490.0,5510.0,5450.0,5510.0,46300.0,【4114.jp】日本触媒
116,2023-05-02,3615.0,3625.0,3590.0,3625.0,122400.0,【4118.jp】カネカ
117,2023-05-02,3060.0,3075.0,3030.0,3060.0,721200.0,【4151.jp】協和キリン
118,2023-05-02,1993.0,2007.0,1980.0,2002.0,401700.0,【4182.jp】三菱瓦斯化学
119,2023-05-02,3475.0,3500.0,3455.0,3490.0,550500.0,【4183.jp】三井化学
120,2023-05-02,3150.0,3200.0,3135.0,3195.0,640200.0,【4185.jp】ＪＳＲ
121,2023-05-02,7200.0,7220.0,7120.0,7160.0,144400.0,【4186.jp】東京応化工業
122,2023-05-02,793.4,796.0,789.6,796.0,2308400.0,【4188.jp】三菱ケミカルグループ
123,2023-05-02,1090.0,1101.0,1082.0,1098.0,857600.0,【4202.jp】ダイセル
124,2023-05-02,5180.0,5300.0,5170.0,5260.0,107300.0,【4203.jp】住友ベークライト
125,2023-05-02,1901.0,1943.0,1891.0,1932.0,1220000.0,【4204.jp】積水化学工業
126,2023-05-02,1397.0,1420.0,1396.0,1417.0,753800.0,【4205.jp】日本ゼオン
127,2023-05-02,3025.0,3065.0,3000.0,3065.0,89600.0,【4206.jp】アイカ工業
128,2023-05-02,2172.0,2186.0,2151.0,2182.0,405300.0,【4208.jp】ＵＢＥ
129,2023-05-02,1239.0,1249.0,1229.0,1248.0,175300.0,【4272.jp】日本化薬
130,2023-05-02,3355.0,3380.0,3340.0,3365.0,1409700.0,【4307.jp】野村総合研究所
131,2023-05-02,4905.0,4940.0,4895.0,4920.0,500100.0,【4324.jp】電通グループ
132,2023-05-02,2585.0,2663.0,2572.0,2660.0,12158900.0,【4385.jp】メルカリ
133,2023-05-02,2311.0,2325.0,2287.0,2325.0,97500.0,【4401.jp】ＡＤＥＫＡ
134,2023-05-02,6260.0,6310.0,6220.0,6300.0,109000.0,【4403.jp】日油
135,2023-05-02,1766.0,1775.0,1723.0,1746.0,964700.0,【4443.jp】Ｓａｎｓａｎ
136,2023-05-02,5492.0,5549.0,5489.0,5543.0,1281100.0,【4452.jp】花王
137,2023-05-02,4800.0,4820.0,4655.0,4700.0,264300.0,【4483.jp】ＪＭＤＣ
138,2023-05-02,4580.0,4597.0,4561.0,4580.0,3593800.0,【4502.jp】武田薬品工業
139,2023-05-02,2080.0,2118.0,2074.5,2100.0,6678900.0,【4503.jp】アステラス製薬
140,2023-05-02,814.0,825.0,806.0,825.0,1294900.0,【4506.jp】住友ファーマ
141,2023-05-02,6145.0,6161.0,6092.0,6100.0,1231200.0,【4507.jp】塩野義製薬
142,2023-05-02,6230.0,6320.0,6190.0,6300.0,148500.0,【4516.jp】日本新薬
143,2023-05-02,3603.0,3630.0,3563.0,3585.0,2318800.0,【4519.jp】中外製薬
144,2023-05-02,3785.0,3840.0,3785.0,3840.0,69700.0,【4521.jp】科研製薬
145,2023-05-02,7965.0,8016.0,7939.0,7946.0,1047300.0,【4523.jp】エーザイ
146,2023-05-02,2822.0,2859.0,2812.0,2846.0,529200.0,【4527.jp】ロート製薬
147,2023-05-02,2760.0,2772.0,2733.5,2755.5,1304900.0,【4528.jp】小野薬品工業
148,2023-05-02,3765.0,3795.0,3755.0,3790.0,101000.0,【4530.jp】久光製薬
149,2023-05-02,1151.0,1171.0,1141.0,1170.0,1007300.0,【4536.jp】参天製薬
150,2023-05-02,2752.0,2786.0,2741.0,2785.0,108400.0,【4540.jp】ツムラ
151,2023-05-02,4095.0,4120.0,4066.0,4115.0,1718600.0,【4543.jp】テルモ
152,2023-05-02,2758.0,2790.0,2734.0,2781.0,137700.0,【4544.jp】Ｈ．Ｕ．グループホールディングス
153,2023-05-02,1459.0,1484.0,1445.0,1473.0,298400.0,【4552.jp】ＪＣＲファーマ
154,2023-05-02,4687.0,4705.0,4637.0,4675.0,3461400.0,【4568.jp】第一三共
155,2023-05-02,4690.0,4753.0,4660.0,4706.0,1307200.0,【4578.jp】大塚ホールディングス
156,2023-05-02,5860.0,5950.0,5850.0,5930.0,94000.0,【4581.jp】大正製薬ホールディングス
157,2023-05-02,1824.0,1829.0,1788.0,1815.0,401800.0,【4587.jp】ペプチドリーム
158,2023-05-02,1258.0,1261.0,1246.0,1258.0,2111100.0,【4612.jp】日本ペイントホールディングス
159,2023-05-02,1987.0,1994.0,1964.0,1991.0,784100.0,【4613.jp】関西ペイント
160,2023-05-02,2505.0,2522.0,2498.0,2522.0,207100.0,【4631.jp】ＤＩＣ
161,2023-05-02,4915.0,4949.0,4877.0,4910.0,4953100.0,【4661.jp】オリエンタルランド
162,2023-05-02,3320.0,3365.0,3310.0,3360.0,70500.0,【4665.jp】ダスキン
163,2023-05-02,2144.0,2150.0,2112.0,2150.0,596600.0,【4666.jp】パーク２４
164,2023-05-02,1285.0,1289.0,1272.0,1285.0,565700.0,【4676.jp】フジ・メディア・ホールディングス
165,2023-05-02,2245.0,2257.0,2227.0,2257.0,306300.0,【4681.jp】リゾートトラスト
166,2023-05-02,21520.0,21550.0,21070.0,21110.0,226100.0,【4684.jp】オービック
167,2023-05-02,3770.0,3795.0,3570.0,3590.0,247500.0,【4686.jp】ジャストシステム
168,2023-05-02,349.3,355.5,348.3,349.6,23369100.0,【4689.jp】Ｚホールディングス
169,2023-05-02,6660.0,6670.0,6590.0,6640.0,517000.0,【4704.jp】トレンドマイクロ
170,2023-05-02,9810.0,9890.0,9760.0,9850.0,153200.0,【4716.jp】日本オラクル
171,2023-05-02,2284.0,2313.0,2280.0,2310.0,390000.0,【4732.jp】ユー・エス・エス
172,2023-05-02,3480.0,3485.0,3425.0,3465.0,563400.0,【4739.jp】伊藤忠テクノソリューションズ
173,2023-05-02,1145.0,1165.0,1144.0,1163.0,3696500.0,【4751.jp】サイバーエージェント
174,2023-05-02,669.0,675.0,667.0,674.0,5135800.0,【4755.jp】楽天グループ
175,2023-05-02,5100.0,5210.0,5090.0,5150.0,1094500.0,【4768.jp】大塚商会
176,2023-05-02,3925.0,3955.0,3900.0,3950.0,71500.0,【4887.jp】サワイグループホールディングス
177,2023-05-02,7156.0,7181.0,7120.0,7170.0,918400.0,【4901.jp】富士フイルムホールディングス
178,2023-05-02,569.0,569.0,562.0,564.0,1566000.0,【4902.jp】コニカミノルタ
179,2023-05-02,6900.0,6978.0,6887.0,6950.0,1366200.0,【4911.jp】資生堂
180,2023-05-02,1481.0,1505.0,1471.0,1502.0,992800.0,【4912.jp】ライオン
181,2023-05-02,5750.0,5770.0,5700.0,5750.0,82300.0,【4919.jp】ミルボン
182,2023-05-02,2340.0,2409.0,2339.0,2409.0,961600.0,【4921.jp】ファンケル
183,2023-05-02,16200.0,16380.0,16110.0,16330.0,194900.0,【4922.jp】コーセー
184,2023-05-02,2107.0,2159.0,2083.0,2101.0,1440800.0,【4927.jp】ポーラ・オルビスホールディングス
185,2023-05-02,8390.0,8510.0,8380.0,8510.0,178000.0,【4967.jp】小林製薬
186,2023-05-02,2633.0,2658.0,2605.0,2605.0,442400.0,【4980.jp】デクセリアルズ
187,2023-05-02,2923.0,2926.0,2900.0,2913.0,966200.0,【5019.jp】出光興産
188,2023-05-02,484.1,488.0,482.0,487.0,10392200.0,【5020.jp】ＥＮＥＯＳホールディングス
189,2023-05-02,4345.0,4365.0,4310.0,4360.0,175800.0,【5021.jp】コスモエネルギーホールディングス
190,2023-05-02,1084.0,1096.0,1081.0,1094.0,415300.0,【5076.jp】インフロニア・ホールディングス
191,2023-05-02,2951.0,2959.0,2922.0,2959.0,330100.0,【5101.jp】横浜ゴム
192,2023-05-02,1616.0,1619.0,1607.0,1619.0,354200.0,【5105.jp】ＴＯＹＯ　ＴＩＲＥ
193,2023-05-02,5486.0,5487.0,5450.0,5476.0,1390800.0,【5108.jp】ブリヂストン
194,2023-05-02,1245.0,1254.0,1239.0,1254.0,227800.0,【5110.jp】住友ゴム工業
195,2023-05-02,5070.0,5090.0,5030.0,5080.0,800800.0,【5201.jp】ＡＧＣ
196,2023-05-02,2475.0,2478.0,2448.0,2452.0,1134300.0,【5214.jp】日本電気硝子
197,2023-05-02,3820.0,3835.0,3805.0,3830.0,109000.0,【5232.jp】住友大阪セメント
198,2023-05-02,2430.0,2462.0,2426.0,2455.0,369100.0,【5233.jp】太平洋セメント
199,2023-05-02,1231.0,1261.0,1224.0,1258.0,1974000.0,【5301.jp】東海カーボン
200,2023-05-02,4540.0,4665.0,4535.0,4660.0,750800.0,【5332.jp】ＴＯＴＯ
201,2023-05-02,1757.0,1766.0,1744.0,1749.0,1264400.0,【5333.jp】日本碍子
202,2023-05-02,2627.0,2657.0,2624.0,2657.0,3040400.0,【5334.jp】日本特殊陶業
203,2023-05-02,2898.0,2918.0,2887.5,2908.5,6796000.0,【5401.jp】日本製鉄
204,2023-05-02,1010.0,1025.0,1005.0,1023.0,3215100.0,【5406.jp】神戸製鋼所
205,2023-05-02,1610.0,1622.0,1602.0,1618.0,2865300.0,【5411.jp】ＪＦＥホールディングス
206,2023-05-02,5480.0,5530.0,5420.0,5490.0,235900.0,【5444.jp】大和工業
207,2023-05-02,3115.0,3130.0,3080.0,3125.0,90300.0,【5463.jp】丸一鋼管
208,2023-05-02,5360.0,5370.0,5280.0,5320.0,165700.0,【5471.jp】大同特殊鋼
209,2023-05-02,2474.0,2480.0,2463.0,2480.0,233200.0,【5631.jp】日本製鋼所
210,2023-05-02,3265.0,3285.0,3250.0,3265.0,358900.0,【5706.jp】三井金属鉱業
211,2023-05-02,2248.0,2261.0,2241.0,2258.0,451300.0,【5711.jp】三菱マテリアル
212,2023-05-02,5008.0,5045.0,4988.0,5029.0,981500.0,【5713.jp】住友金属鉱山
213,2023-05-02,4415.0,4440.0,4400.0,4440.0,110000.0,【5714.jp】ＤＯＷＡホールディングス
214,2023-05-02,2488.0,2500.0,2477.0,2499.0,219500.0,【5801.jp】古河電気工業
215,2023-05-02,1730.0,1740.5,1722.5,1740.0,1216100.0,【5802.jp】住友電気工業
216,2023-05-02,926.0,931.0,916.0,930.0,1190700.0,【5803.jp】フジクラ
217,2023-05-02,795.0,797.0,785.0,797.0,435200.0,【5830.jp】いよぎんホールディングス
218,2023-05-02,1012.0,1027.0,1012.0,1027.0,1350500.0,【5831.jp】しずおかフィナンシャルグループ
219,2023-05-02,905.0,920.0,904.0,920.0,180800.0,【5832.jp】ちゅうぎんフィナンシャルグループ
220,2023-05-02,1955.0,1965.0,1933.0,1952.0,340200.0,【5901.jp】東洋製罐グループホールディングス
221,2023-05-02,1485.0,1504.0,1480.0,1504.0,319400.0,【5929.jp】三和ホールディングス
222,2023-05-02,1984.0,2025.0,1984.0,2019.0,2181600.0,【5938.jp】ＬＩＸＩＬ
223,2023-05-02,3290.0,3305.0,3255.0,3305.0,262700.0,【5947.jp】リンナイ
224,2023-05-02,1012.0,1013.0,1001.0,1013.0,239700.0,【5991.jp】日本発條
225,2023-05-02,3650.0,3680.0,3630.0,3665.0,257500.0,【6005.jp】三浦工業
226,2023-05-02,3255.0,3300.0,3180.0,3285.0,1149300.0,【6028.jp】テクノプロ・ホールディングス
227,2023-05-02,3788.0,3846.0,3746.0,3846.0,3777800.0,【6098.jp】リクルートホールディングス
228,2023-05-02,6040.0,6130.0,6020.0,6120.0,118400.0,【6103.jp】オークマ
229,2023-05-02,1280.0,1290.0,1280.0,1290.0,778000.0,【6113.jp】アマダ
230,2023-05-02,2316.0,2329.0,2302.0,2321.0,207800.0,【6134.jp】ＦＵＪＩ
231,2023-05-02,1936.0,1953.0,1933.0,1950.0,148800.0,【6136.jp】オーエスジー
232,2023-05-02,2177.0,2191.0,2170.0,2187.0,549600.0,【6141.jp】ＤＭＧ森精機
233,2023-05-02,15910.0,15950.0,15400.0,15450.0,767600.0,【6146.jp】ディスコ
234,2023-05-02,1129.0,1132.0,1118.5,1130.0,4944500.0,【6178.jp】日本郵政
235,2023-05-02,7920.0,8000.0,7880.0,8000.0,361400.0,【6201.jp】豊田自動織機
236,2023-05-02,3185.0,3220.0,3155.0,3170.0,560100.0,【6268.jp】ナブテスコ
237,2023-05-02,69920.0,70030.0,69420.0,69900.0,147200.0,【6273.jp】ＳＭＣ
238,2023-05-02,3370.0,3414.0,3355.0,3410.0,3517300.0,【6301.jp】小松製作所
239,2023-05-02,3280.0,3310.0,3275.0,3310.0,230300.0,【6302.jp】住友重機械工業
240,2023-05-02,3350.0,3395.0,3325.0,3395.0,679000.0,【6305.jp】日立建機
241,2023-05-02,2078.5,2082.5,2056.0,2080.0,2442300.0,【6326.jp】クボタ
242,2023-05-02,6010.0,6010.0,5940.0,5990.0,261600.0,【6361.jp】荏原製作所
243,2023-05-02,25310.0,25350.0,25085.0,25320.0,681600.0,【6367.jp】ダイキン工業
244,2023-05-02,5660.0,5680.0,5620.0,5670.0,229000.0,【6370.jp】栗田工業
245,2023-05-02,2535.0,2556.0,2524.0,2554.0,1081300.0,【6383.jp】ダイフク
246,2023-05-02,1069.0,1078.0,1063.0,1077.0,166800.0,【6395.jp】タダノ
247,2023-05-02,3680.0,3715.0,3640.0,3710.0,114400.0,【6406.jp】フジテック
248,2023-05-02,6030.0,6050.0,5960.0,6050.0,222600.0,【6417.jp】ＳＡＮＫＹＯ
249,2023-05-02,2797.0,2828.0,2789.0,2822.0,145700.0,【6436.jp】アマノ
250,2023-05-02,2130.0,2143.0,2112.0,2140.0,890600.0,【6448.jp】ブラザー工業
251,2023-05-02,2836.0,2896.0,2831.0,2896.0,179200.0,【6457.jp】グローリー
252,2023-05-02,2663.0,2664.0,2624.0,2635.0,1963900.0,【6460.jp】セガサミーホールディングス
253,2023-05-02,4855.0,4875.0,4820.0,4870.0,196400.0,【6465.jp】ホシザキ
254,2023-05-02,776.0,781.0,772.0,780.0,1163400.0,【6471.jp】日本精工
255,2023-05-02,341.0,342.0,338.0,341.0,3137400.0,【6472.jp】ＮＴＮ
256,2023-05-02,1155.0,1162.0,1144.0,1150.0,2015200.0,【6473.jp】ジェイテクト
257,2023-05-02,2583.0,2597.0,2578.0,2584.0,993700.0,【6479.jp】ミネベアミツミ
258,2023-05-02,3045.0,3070.0,3040.0,3050.0,227800.0,【6481.jp】ＴＨＫ
259,2023-05-02,7735.0,7825.0,7706.0,7800.0,2437500.0,【6501.jp】日立製作所
260,2023-05-02,4415.0,4421.0,4412.0,4417.0,1229000.0,【6502.jp】東芝
261,2023-05-02,1724.5,1755.0,1722.0,1750.0,5126100.0,【6503.jp】三菱電機
262,2023-05-02,5490.0,5540.0,5450.0,5530.0,927700.0,【6504.jp】富士電機
263,2023-05-02,5660.0,5670.0,5620.0,5650.0,1008100.0,【6506.jp】安川電機
264,2023-05-02,4885.0,4890.0,4750.0,4780.0,1309000.0,【6532.jp】ベイカレント・コンサルティング
265,2023-05-02,3800.0,3870.0,3795.0,3845.0,1234000.0,【6586.jp】マキタ
266,2023-05-02,3845.0,3890.0,3830.0,3865.0,201000.0,【6592.jp】マブチモーター
267,2023-05-02,6812.0,6833.0,6770.0,6813.0,1642700.0,【6594.jp】日本電産
268,2023-05-02,8160.0,8234.0,8138.0,8191.0,799600.0,【6645.jp】オムロン
269,2023-05-02,2385.0,2412.0,2361.0,2411.0,316500.0,【6674.jp】ジーエス・ユアサ　コーポレーション
270,2023-05-02,5990.0,6020.0,5910.0,5960.0,2499400.0,【6701.jp】日本電気
271,2023-05-02,18400.0,18805.0,18385.0,18615.0,567800.0,【6702.jp】富士通
272,2023-05-02,1848.0,1876.5,1804.0,1814.0,14661400.0,【6723.jp】ルネサスエレクトロニクス
273,2023-05-02,2052.0,2063.0,2031.0,2044.0,1784800.0,【6724.jp】セイコーエプソン
274,2023-05-02,5450.0,5480.0,5380.0,5410.0,392900.0,【6728.jp】アルバック
275,2023-05-02,1333.5,1340.0,1314.5,1332.0,11144900.0,【6752.jp】パナソニック　ホールディングス
276,2023-05-02,956.0,970.0,956.0,969.0,1203200.0,【6753.jp】シャープ
277,2023-05-02,1253.0,1258.0,1242.0,1250.0,1112200.0,【6754.jp】アンリツ
278,2023-05-02,3500.0,3530.0,3465.0,3475.0,538500.0,【6755.jp】富士通ゼネラル
279,2023-05-02,12585.0,12790.0,12500.0,12650.0,4081900.0,【6758.jp】ソニーグループ
280,2023-05-02,4885.0,4925.0,4850.0,4880.0,2472200.0,【6762.jp】ＴＤＫ
281,2023-05-02,1176.0,1189.0,1170.0,1187.0,2840900.0,【6770.jp】アルプスアルパイン
282,2023-05-02,18500.0,18550.0,18340.0,18500.0,101600.0,【6806.jp】ヒロセ電機
283,2023-05-02,2251.0,2257.0,2236.0,2241.0,593200.0,【6841.jp】横河電機
284,2023-05-02,3860.0,3880.0,3825.0,3840.0,216600.0,【6845.jp】アズビル
285,2023-05-02,3885.0,3890.0,3835.0,3855.0,173100.0,【6849.jp】日本光電工業
286,2023-05-02,7630.0,7630.0,7560.0,7560.0,148400.0,【6856.jp】堀場製作所
287,2023-05-02,11140.0,11230.0,10830.0,10890.0,2373300.0,【6857.jp】アドバンテスト
288,2023-05-02,63410.0,63520.0,62810.0,63410.0,500600.0,【6861.jp】キーエンス
289,2023-05-02,9049.0,9070.0,8968.0,9046.0,317300.0,【6869.jp】シスメックス
290,2023-05-02,8080.0,8139.0,8022.0,8138.0,1611900.0,【6902.jp】デンソー
291,2023-05-02,18270.0,18370.0,17485.0,17485.0,14050900.0,【6920.jp】レーザーテック
292,2023-05-02,3020.0,3045.0,2992.0,3025.0,443000.0,【6923.jp】スタンレー電気
293,2023-05-02,1742.0,1745.0,1710.0,1715.0,526600.0,【6925.jp】ウシオ電機
294,2023-05-02,4115.0,4120.0,4005.0,4015.0,422800.0,【6951.jp】日本電子
295,2023-05-02,1305.0,1310.0,1299.0,1308.0,634000.0,【6952.jp】カシオ計算機
296,2023-05-02,4658.0,4699.0,4647.0,4689.0,2479200.0,【6954.jp】ファナック
297,2023-05-02,10600.0,10640.0,10430.0,10450.0,612900.0,【6963.jp】ローム
298,2023-05-02,7420.0,7430.0,7310.0,7320.0,407700.0,【6965.jp】浜松ホトニクス
299,2023-05-02,3995.0,4105.0,3960.0,4020.0,2275300.0,【6967.jp】新光電気工業
300,2023-05-02,7179.0,7250.0,7169.0,7250.0,871600.0,【6971.jp】京セラ
301,2023-05-02,4200.0,4230.0,4120.0,4165.0,1285700.0,【6976.jp】太陽誘電
302,2023-05-02,7806.0,7917.0,7782.0,7850.0,2255200.0,【6981.jp】村田製作所
303,2023-05-02,8870.0,8950.0,8830.0,8930.0,611500.0,【6988.jp】日東電工
304,2023-05-02,5225.0,5254.0,5205.0,5248.0,1338000.0,【7011.jp】三菱重工業
305,2023-05-02,2984.0,3000.0,2963.0,3000.0,1052500.0,【7012.jp】川崎重工業
306,2023-05-02,3490.0,3545.0,3470.0,3535.0,1393900.0,【7013.jp】ＩＨＩ
307,2023-05-02,4960.0,5000.0,4950.0,5000.0,110800.0,【7164.jp】全国保証
308,2023-05-02,347.0,350.0,345.0,350.0,3051900.0,【7167.jp】めぶきフィナンシャルグループ
309,2023-05-02,485.0,490.0,481.0,490.0,974500.0,【7180.jp】九州フィナンシャルグループ
310,2023-05-02,2209.0,2233.0,2190.0,2233.0,532500.0,【7181.jp】かんぽ生命保険
311,2023-05-02,1087.0,1093.0,1080.0,1088.0,7439800.0,【7182.jp】ゆうちょ銀行
312,2023-05-02,514.0,516.0,508.0,516.0,3523300.0,【7186.jp】コンコルディア・フィナンシャルグループ
313,2023-05-02,500.3,502.5,495.8,502.0,15549300.0,【7201.jp】日産自動車
314,2023-05-02,1615.0,1630.0,1602.0,1628.0,1707000.0,【7202.jp】いすゞ自動車
315,2023-05-02,1864.5,1877.5,1853.0,1877.0,17441500.0,【7203.jp】トヨタ自動車
316,2023-05-02,540.0,543.0,535.0,543.0,2719200.0,【7205.jp】日野自動車
317,2023-05-02,518.0,521.0,514.0,518.0,9912400.0,【7211.jp】三菱自動車工業
318,2023-05-02,1846.0,1848.0,1820.0,1844.0,456800.0,【7240.jp】ＮＯＫ
319,2023-05-02,3975.0,4045.0,3940.0,4045.0,827400.0,【7259.jp】アイシン
320,2023-05-02,1230.0,1244.0,1219.0,1237.0,3341100.0,【7261.jp】マツダ
321,2023-05-02,3621.0,3627.0,3587.0,3620.0,2873100.0,【7267.jp】本田技研工業
322,2023-05-02,4783.0,4833.0,4762.0,4827.0,1852500.0,【7269.jp】スズキ
323,2023-05-02,2210.5,2223.5,2188.0,2223.0,2372000.0,【7270.jp】ＳＵＢＡＲＵ
324,2023-05-02,3505.0,3515.0,3485.0,3500.0,979400.0,【7272.jp】ヤマハ発動機
325,2023-05-02,2594.0,2618.0,2585.0,2614.0,845700.0,【7276.jp】小糸製作所
326,2023-05-02,2311.0,2320.0,2294.0,2315.0,366600.0,【7282.jp】豊田合成
327,2023-05-02,21370.0,21550.0,21305.0,21500.0,241800.0,【7309.jp】シマノ
328,2023-05-02,1847.0,1877.0,1832.0,1877.0,291700.0,【7313.jp】テイ・エス　テック
329,2023-05-02,674.0,675.0,666.0,675.0,590000.0,【7337.jp】ひろぎんホールディングス
330,2023-05-02,1391.0,1408.0,1378.0,1408.0,3422900.0,【7453.jp】良品計画
331,2023-05-02,2492.0,2509.0,2475.0,2502.0,185000.0,【7458.jp】第一興商
332,2023-05-02,2078.0,2116.0,2060.0,2111.0,624900.0,【7459.jp】メディパルホールディングス
333,2023-05-02,5870.0,5880.0,5800.0,5800.0,61500.0,【7476.jp】アズワン
334,2023-05-02,3295.0,3310.0,3255.0,3280.0,355100.0,【7518.jp】ネットワンシステムズ
335,2023-05-02,2560.0,2568.0,2537.0,2550.0,994800.0,【7532.jp】パン・パシフィック・インターナショナルホールディングス
336,2023-05-02,4305.0,4320.0,4240.0,4315.0,258700.0,【7550.jp】ゼンショーホールディングス
337,2023-05-02,2096.0,2101.0,2068.0,2090.0,182900.0,【7616.jp】コロワイド
338,2023-05-02,5820.0,5860.0,5800.0,5850.0,106900.0,【7649.jp】スギホールディングス
339,2023-05-02,4300.0,4300.0,4255.0,4275.0,486700.0,【7701.jp】島津製作所
340,2023-05-02,1776.0,1785.0,1753.0,1780.0,255700.0,【7730.jp】マニー
341,2023-05-02,1424.0,1427.0,1409.0,1424.0,1871700.0,【7731.jp】ニコン
342,2023-05-02,1954.0,1973.0,1942.0,1966.0,413400.0,【7732.jp】トプコン
343,2023-05-02,2442.5,2447.0,2377.5,2407.0,7402500.0,【7733.jp】オリンパス
344,2023-05-02,11160.0,11210.0,11030.0,11070.0,454600.0,【7735.jp】ＳＣＲＥＥＮホールディングス
345,2023-05-02,14910.0,14925.0,14445.0,14445.0,1140100.0,【7741.jp】ＨＯＹＡ
346,2023-05-02,2515.0,2515.0,2485.0,2487.0,508800.0,【7747.jp】朝日インテック
347,2023-05-02,3230.0,3230.0,3202.0,3221.0,3697500.0,【7751.jp】キヤノン
348,2023-05-02,1140.0,1141.0,1124.0,1135.0,2575600.0,【7752.jp】リコー
349,2023-05-02,2861.0,2898.0,2857.0,2898.0,147600.0,【7780.jp】メニコン
350,2023-05-02,3083.0,3100.0,3068.0,3100.0,1216300.0,【7832.jp】バンダイナムコホールディングス
351,2023-05-02,4520.0,4555.0,4480.0,4555.0,46000.0,【7846.jp】パイロットコーポレーション
352,2023-05-02,2867.0,2900.0,2851.0,2900.0,659300.0,【7911.jp】凸版印刷
353,2023-05-02,3915.0,3955.0,3915.0,3950.0,818500.0,【7912.jp】大日本印刷
354,2023-05-02,3820.0,3825.0,3785.0,3810.0,608600.0,【7936.jp】アシックス
355,2023-05-02,3020.0,3080.0,2986.0,3080.0,523400.0,【7947.jp】エフピコ
356,2023-05-02,5370.0,5420.0,5350.0,5420.0,444200.0,【7951.jp】ヤマハ
357,2023-05-02,2128.0,2158.0,2114.0,2149.0,429100.0,【7956.jp】ピジョン
358,2023-05-02,2289.0,2308.0,2282.0,2304.0,99900.0,【7966.jp】リンテック
359,2023-05-02,5693.0,5711.0,5668.0,5691.0,4023400.0,【7974.jp】任天堂
360,2023-05-02,1967.0,1988.0,1953.0,1970.0,246100.0,【7984.jp】コクヨ
361,2023-05-02,3880.0,3930.0,3870.0,3920.0,154900.0,【7988.jp】ニフコ
362,2023-05-02,4534.0,4589.0,4513.0,4574.0,2635500.0,【8001.jp】伊藤忠商事
363,2023-05-02,1912.0,1955.5,1905.5,1949.5,6660100.0,【8002.jp】丸紅
364,2023-05-02,2193.0,2212.0,2181.0,2204.0,138300.0,【8012.jp】長瀬産業
365,2023-05-02,5720.0,5830.0,5690.0,5820.0,1015300.0,【8015.jp】豊田通商
366,2023-05-02,4262.0,4360.0,4212.0,4332.0,8801300.0,【8031.jp】三井物産
367,2023-05-02,15730.0,15760.0,15515.0,15665.0,2464800.0,【8035.jp】東京エレクトロン
368,2023-05-02,2462.0,2484.5,2454.5,2480.0,3598500.0,【8053.jp】住友商事
369,2023-05-02,3460.0,3510.0,3415.0,3450.0,623400.0,【8056.jp】ＢＩＰＲＯＧＹ
370,2023-05-02,5032.0,5070.0,4997.0,5065.0,3680600.0,【8058.jp】三菱商事
371,2023-05-02,3395.0,3470.0,3385.0,3460.0,142700.0,【8060.jp】キヤノンマーケティングジャパン
372,2023-05-02,1023.0,1030.0,1015.0,1030.0,273900.0,【8086.jp】ニプロ
373,2023-05-02,6430.0,6440.0,6380.0,6420.0,163200.0,【8088.jp】岩谷産業
374,2023-05-02,12110.0,12310.0,12070.0,12310.0,114900.0,【8111.jp】ゴールドウイン
375,2023-05-02,5569.0,5604.0,5556.0,5598.0,751300.0,【8113.jp】ユニ・チャーム
376,2023-05-02,2681.0,2756.0,2643.0,2754.0,348500.0,【8129.jp】東邦ホールディングス
377,2023-05-02,6220.0,6300.0,6190.0,6240.0,490000.0,【8136.jp】サンリオ
378,2023-05-02,1924.0,1949.0,1906.0,1939.0,497100.0,【8174.jp】日本瓦斯
379,2023-05-02,12510.0,12550.0,12360.0,12430.0,237300.0,【8227.jp】しまむら
380,2023-05-02,1971.0,2022.0,1971.0,2019.0,1649400.0,【8233.jp】高島屋
381,2023-05-02,2142.0,2182.0,2135.0,2181.0,771200.0,【8252.jp】丸井グループ
382,2023-05-02,1877.0,1885.0,1866.0,1885.0,443200.0,【8253.jp】クレディセゾン
383,2023-05-02,2750.5,2814.0,2744.0,2809.0,1981400.0,【8267.jp】イオン
384,2023-05-02,3130.0,3230.0,3130.0,3230.0,104100.0,【8273.jp】イズミ
385,2023-05-02,7140.0,7240.0,7130.0,7240.0,38900.0,【8279.jp】ヤオコー
386,2023-05-02,1199.0,1203.0,1186.0,1203.0,540600.0,【8282.jp】ケーズホールディングス
387,2023-05-02,5100.0,5260.0,5100.0,5260.0,63000.0,【8283.jp】ＰＡＬＴＡＣ
388,2023-05-02,2449.0,2482.0,2430.0,2480.0,325700.0,【8303.jp】ＳＢＩ新生銀行
389,2023-05-02,2444.0,2455.0,2433.0,2446.0,1032700.0,【8304.jp】あおぞら銀行
390,2023-05-02,862.6,867.4,854.1,865.7,57437300.0,【8306.jp】三菱ＵＦＪフィナンシャル・グループ
391,2023-05-02,670.7,676.0,664.4,675.0,8482700.0,【8308.jp】りそなホールディングス
392,2023-05-02,4911.0,4957.0,4876.0,4952.0,721400.0,【8309.jp】三井住友トラスト・ホールディングス
393,2023-05-02,5617.0,5650.0,5577.0,5650.0,5717200.0,【8316.jp】三井住友フィナンシャルグループ
394,2023-05-02,884.0,891.0,877.0,890.0,1440400.0,【8331.jp】千葉銀行
395,2023-05-02,457.0,463.0,455.0,463.0,866000.0,【8334.jp】群馬銀行
396,2023-05-02,2539.0,2559.0,2516.0,2559.0,723000.0,【8354.jp】ふくおかフィナンシャルグループ
397,2023-05-02,584.0,594.0,578.0,594.0,1858200.0,【8359.jp】八十二銀行
398,2023-05-02,6620.0,6710.0,6580.0,6710.0,172600.0,【8369.jp】京都銀行
399,2023-05-02,980.0,987.0,973.0,987.0,142900.0,【8377.jp】ほくほくフィナンシャルグループ
400,2023-05-02,276.0,278.0,275.0,277.0,4609900.0,【8410.jp】セブン銀行
401,2023-05-02,1996.0,2003.5,1979.0,2001.5,6319200.0,【8411.jp】みずほフィナンシャルグループ
402,2023-05-02,836.0,844.0,829.0,844.0,300000.0,【8418.jp】山口フィナンシャルグループ
403,2023-05-02,4665.0,4695.0,4635.0,4695.0,68700.0,【8439.jp】東京センチュリー
404,2023-05-02,2646.0,2662.0,2626.0,2660.0,942700.0,【8473.jp】ＳＢＩホールディングス
405,2023-05-02,1214.0,1221.0,1209.0,1221.0,494400.0,【8570.jp】イオンフィナンシャルサービス
406,2023-05-02,335.0,337.0,333.0,337.0,1404200.0,【8572.jp】アコム
407,2023-05-02,2307.0,2336.5,2299.5,2333.5,2833400.0,【8591.jp】オリックス
408,2023-05-02,703.0,709.0,701.0,709.0,3843600.0,【8593.jp】三菱ＨＣキャピタル
409,2023-05-02,1697.0,1711.0,1683.0,1707.0,329700.0,【8595.jp】ジャフコ　グループ
410,2023-05-02,632.0,638.0,630.0,638.0,3204500.0,【8601.jp】大和証券グループ本社
411,2023-05-02,479.9,489.7,478.2,489.6,25042800.0,【8604.jp】野村ホールディングス
412,2023-05-02,5690.0,5750.0,5649.0,5750.0,566200.0,【8630.jp】ＳＯＭＰＯホールディングス
413,2023-05-02,2197.5,2221.0,2190.5,2217.0,1286200.0,【8697.jp】日本取引所グループ
414,2023-05-02,4475.0,4526.0,4442.0,4525.0,809500.0,【8725.jp】ＭＳ＆ＡＤインシュアランスグループホールディングス
415,2023-05-02,2499.0,2534.5,2482.5,2534.0,3094000.0,【8750.jp】第一生命ホールディングス
416,2023-05-02,2737.5,2752.0,2710.5,2748.5,2956500.0,【8766.jp】東京海上ホールディングス
417,2023-05-02,1690.0,1691.0,1648.0,1664.0,2513500.0,【8795.jp】Ｔ＆Ｄホールディングス
418,2023-05-02,2634.5,2689.0,2630.0,2686.0,2380400.0,【8801.jp】三井不動産
419,2023-05-02,1641.5,1667.0,1638.0,1665.0,4062900.0,【8802.jp】三菱地所
420,2023-05-02,1696.0,1728.0,1684.0,1728.0,1013100.0,【8804.jp】東京建物
421,2023-05-02,3086.0,3171.0,3083.0,3170.0,863800.0,【8830.jp】住友不動産
422,2023-05-02,2085.0,2118.0,2078.0,2115.0,182600.0,【8876.jp】リログループ
423,2023-05-02,1843.0,1874.0,1841.0,1874.0,680100.0,【8905.jp】イオンモール
424,2023-05-02,3460.0,3520.0,3445.0,3515.0,590800.0,【9001.jp】東武鉄道
425,2023-05-02,2641.0,2665.0,2615.0,2658.0,274600.0,【9003.jp】相鉄ホールディングス
426,2023-05-02,1921.0,1949.0,1903.0,1949.0,1370400.0,【9005.jp】東急
427,2023-05-02,1334.0,1351.0,1327.0,1351.0,653800.0,【9006.jp】京浜急行電鉄
428,2023-05-02,2000.0,2010.0,1983.0,2010.0,1245900.0,【9007.jp】小田急電鉄
429,2023-05-02,5120.0,5150.0,5080.0,5150.0,210700.0,【9008.jp】京王電鉄
430,2023-05-02,5030.0,5050.0,4975.0,5050.0,526900.0,【9009.jp】京成電鉄
431,2023-05-02,7865.0,7951.0,7811.0,7950.0,1428500.0,【9020.jp】東日本旅客鉄道
432,2023-05-02,5948.0,5995.0,5915.0,5994.0,1904400.0,【9021.jp】西日本旅客鉄道
433,2023-05-02,16970.0,17080.0,16835.0,17080.0,649600.0,【9022.jp】東海旅客鉄道
434,2023-05-02,1572.0,1577.0,1556.0,1574.0,1150300.0,【9024.jp】西武ホールディングス
435,2023-05-02,2497.0,2546.0,2486.0,2540.0,148600.0,【9031.jp】西日本鉄道
436,2023-05-02,4645.0,4685.0,4610.0,4685.0,415700.0,【9041.jp】近鉄グループホールディングス
437,2023-05-02,4300.0,4340.0,4265.0,4335.0,398000.0,【9042.jp】阪急阪神ホールディングス
438,2023-05-02,3190.0,3265.0,3185.0,3265.0,257300.0,【9044.jp】南海電気鉄道
439,2023-05-02,3715.0,3800.0,3710.0,3800.0,401400.0,【9045.jp】京阪ホールディングス
440,2023-05-02,2221.0,2236.0,2200.0,2235.0,430400.0,【9048.jp】名古屋鉄道
441,2023-05-02,2362.0,2389.0,2352.0,2375.0,788800.0,【9064.jp】ヤマトホールディングス
442,2023-05-02,4840.0,4905.0,4800.0,4885.0,156900.0,【9065.jp】山九
443,2023-05-02,2661.0,2706.0,2660.0,2693.0,206100.0,【9072.jp】ニッコンホールディングス
444,2023-05-02,1488.0,1501.0,1487.0,1500.0,272000.0,【9076.jp】セイノーホールディングス
445,2023-05-02,3104.0,3131.0,3086.0,3117.0,9837500.0,【9101.jp】日本郵船
446,2023-05-02,3175.0,3280.0,3175.0,3245.0,11244600.0,【9104.jp】商船三井
447,2023-05-02,3125.0,3160.0,3100.0,3115.0,4783500.0,【9107.jp】川崎汽船
448,2023-05-02,3090.0,3130.0,3065.0,3130.0,638600.0,【9142.jp】九州旅客鉄道
449,2023-05-02,2076.0,2093.0,2062.0,2063.0,1735100.0,【9143.jp】ＳＧホールディングス
450,2023-05-02,8120.0,8160.0,8060.0,8090.0,293400.0,【9147.jp】ＮＩＰＰＯＮ　ＥＸＰＲＥＳＳホールディングス
451,2023-05-02,2647.0,2654.0,2631.0,2645.0,5320900.0,【9201.jp】日本航空
452,2023-05-02,2972.5,3000.0,2961.0,3000.0,3356200.0,【9202.jp】ＡＮＡホールディングス
453,2023-05-02,3430.0,3485.0,3420.0,3465.0,245000.0,【9301.jp】三菱倉庫
454,2023-05-02,3040.0,3045.0,3015.0,3025.0,375900.0,【9364.jp】上組
455,2023-05-02,2075.0,2075.0,2048.0,2060.0,380500.0,【9401.jp】ＴＢＳホールディングス
456,2023-05-02,1227.0,1230.0,1218.0,1229.0,646900.0,【9404.jp】日本テレビホールディングス
457,2023-05-02,4185.0,4222.0,4185.0,4201.0,4608000.0,【9432.jp】日本電信電話
458,2023-05-02,4273.0,4319.0,4264.0,4301.0,2736900.0,【9433.jp】ＫＤＤＩ
459,2023-05-02,1531.0,1544.0,1530.0,1539.5,4306800.0,【9434.jp】ソフトバンク
460,2023-05-02,18360.0,18630.0,18230.0,18630.0,43900.0,【9435.jp】光通信
461,2023-05-02,2689.0,2705.0,2670.0,2703.0,191500.0,【9449.jp】ＧＭＯインターネットグループ
462,2023-05-02,2900.0,2913.0,2851.0,2857.0,453700.0,【9468.jp】ＫＡＤＯＫＡＷＡ
463,2023-05-02,486.0,494.0,486.0,492.0,16652300.0,【9501.jp】東京電力ホールディングス
464,2023-05-02,1541.0,1556.0,1534.0,1555.0,1498200.0,【9502.jp】中部電力
465,2023-05-02,1465.0,1474.0,1455.0,1473.0,3441400.0,【9503.jp】関西電力
466,2023-05-02,714.0,724.0,710.0,724.0,1422500.0,【9504.jp】中国電力
467,2023-05-02,648.0,652.0,641.0,646.0,626400.0,【9505.jp】北陸電力
468,2023-05-02,720.0,725.0,714.0,723.0,1990800.0,【9506.jp】東北電力
469,2023-05-02,820.0,823.0,813.0,820.0,803300.0,【9507.jp】四国電力
470,2023-05-02,840.0,852.0,834.0,850.0,3103600.0,【9508.jp】九州電力
471,2023-05-02,513.0,524.0,508.0,514.0,1550900.0,【9509.jp】北海道電力
472,2023-05-02,2182.0,2193.0,2177.0,2193.0,570900.0,【9513.jp】電源開発
473,2023-05-02,2808.0,2810.0,2776.0,2800.0,1451700.0,【9531.jp】東京瓦斯
474,2023-05-02,2236.0,2257.0,2224.0,2256.0,1154600.0,【9532.jp】大阪瓦斯
475,2023-05-02,2543.0,2583.0,2518.0,2576.0,387300.0,【9533.jp】東邦瓦斯
476,2023-05-02,12190.0,12240.0,12130.0,12240.0,17300.0,【9601.jp】松竹
477,2023-05-02,5390.0,5450.0,5380.0,5450.0,283900.0,【9602.jp】東宝
478,2023-05-02,1882.0,1892.0,1879.0,1885.0,2137800.0,【9613.jp】エヌ・ティ・ティ・データ
479,2023-05-02,5510.0,5520.0,5430.0,5520.0,309700.0,【9616.jp】共立メンテナンス
480,2023-05-02,5720.0,5740.0,5670.0,5710.0,80800.0,【9627.jp】アインホールディングス
481,2023-05-02,6660.0,6700.0,6630.0,6680.0,227100.0,【9684.jp】スクウェア・エニックス・ホールディングス
482,2023-05-02,5180.0,5220.0,5150.0,5180.0,566500.0,【9697.jp】カプコン
483,2023-05-02,6770.0,6900.0,6760.0,6900.0,237200.0,【9706.jp】日本空港ビルデング
484,2023-05-02,2141.0,2145.0,2106.0,2106.0,988200.0,【9719.jp】ＳＣＳＫ
485,2023-05-02,8707.0,8800.0,8670.0,8795.0,721300.0,【9735.jp】セコム
486,2023-05-02,2279.0,2298.0,2260.0,2298.0,264200.0,【9744.jp】メイテック
487,2023-05-02,6690.0,6740.0,6660.0,6710.0,516700.0,【9766.jp】コナミグループ
488,2023-05-02,1947.0,1958.0,1938.0,1958.0,191700.0,【9783.jp】ベネッセホールディングス
489,2023-05-02,465.0,467.0,461.0,465.0,4786800.0,【9831.jp】ヤマダホールディングス
490,2023-05-02,1517.0,1530.0,1508.0,1529.0,175700.0,【9832.jp】オートバックスセブン
491,2023-05-02,17255.0,17495.0,17135.0,17460.0,275100.0,【9843.jp】ニトリホールディングス
492,2023-05-02,2498.0,2516.0,2485.0,2516.0,205500.0,【9861.jp】吉野家ホールディングス
493,2023-05-02,3410.0,3460.0,3400.0,3445.0,561200.0,【9962.jp】ミスミグループ本社
494,2023-05-02,31970.0,32580.0,31950.0,32480.0,1015100.0,【9983.jp】ファーストリテイリング
495,2023-05-02,5170.0,5213.0,5123.0,5187.0,8120100.0,【9984.jp】ソフトバンクグループ
496,2023-05-02,3870.0,3975.0,3830.0,3960.0,436400.0,【9987.jp】スズケン
497,2023-05-02,3760.0,3820.0,3750.0,3810.0,249200.0,【9989.jp】サンドラッグ
